subreddit,color
4chan,AliceBlue
60fpsporn,AntiqueWhite
aggies,Aqua
Amateur,Aquamarine
Anarchism,Azure
Android,Beige
announcements,Bisque
Archery,Black
AskHistorians,BlanchedAlmond
AskReddit,Blue
askscience,BlueViolet
ass,Brown
Astronomy,BurlyWood
aww,CadetBlue
badhistory,Chartreuse
baseball,Chocolate
berkeley,Coral
blog,CornflowerBlue
Boobies,Cornsilk
books,Crimson
Bowling,Cyan
Boxing,DarkBlue
BustyPetite,DarkCyan
Conservative,DarkGoldenRod
conspiracy,DarkGray
creepy,DarkGrey
creepyPMs,DarkGreen
Cricket,DarkKhaki
cringe,DarkMagenta
cringepics,DarkOliveGreen
cumsluts,DarkOrange
DeepIntoYouTube,DarkOrchid
democrats,DarkRed
depression,DarkSalmon
dirtysmall,DarkSeaGreen
DIY,DarkSlateBlue
DotA2,DarkSlateGray
EarthPorn,DarkSlateGrey
engineering,DarkTurquoise
EverythingScience,DarkViolet
explainlikeimfive,DeepPink
fantasyfootball,DeepSkyBlue
FiftyFifty,DimGray
formula1,DimGrey
funny,DodgerBlue
Futurology,FireBrick
gadgets,FloralWhite
gaming,ForestGreen
gatech,Fuchsia
geek,Gainsboro
gifs,GhostWhite
GirlsFinishingTheJob,Gold
girlsinyogapants,GoldenRod
GlobalOffensive,Gray
golf,Grey
gonewild,Green
gonewildcurvy,GreenYellow
guns,HoneyDew
hillaryclinton,HotPink
HillaryForPrison,IndianRed
HillaryForPrison,Indigo
history,Ivory
HistoryPorn,Khaki
hockey,Lavender
holdthemoan,LavenderBlush
IAmA,LawnGreen
ImGoingToHellForThis,LemonChiffon
iphone,LightBlue
Jokes,LightCoral
lacrosse,LightCyan
leagueoflegends,LightGoldenRodYellow
LegalTeens,LightGray
Libertarian,LightGrey
LifeProTips,LightGreen
meirl,LightPink
mildlyinteresting,LightSalmon
milf,LightSeaGreen
MMA,LightSkyBlue
MorbidReality,LightSlateGray
movies,LightSlateGrey
msu,LightSteelBlue
Music,LightYellow
NASCAR,Lime
nba,LimeGreen
news,Linen
nfl,Magenta
NoMansSkyTheGame,Maroon
nosleep,MediumAquaMarine
nsfw,MediumBlue
NSFW_GIF,MediumOrchid
nsfw_gifs,MediumPurple
olympics,MediumSeaGreen
OnOff,MediumSlateBlue
Overwatch,MediumSpringGreen
pcmasterrace,MediumTurquoise
PetiteGoneWild,MediumVioletRed
pics,MidnightBlue
pokemongo,MintCream
PoliticalHumor,MistyRose
politics,Moccasin
progressive,NavajoWhite
rage,Navy
RealGirls,OldLace
relationships,Olive
Republican,OliveDrab
rit,Orange
RPI,OrangeRed
rule34,Orchid
rutgers,PaleGoldenRod
science,PaleGreen
Showerthoughts,PaleTurquoise
soccer,PaleVioletRed
socialism,PapayaWhip
space,PeachPuff
SquaredCircle,Peru
SubredditSimulator,Pink
tabletennis,Plum
tech,PowderBlue
technology,Purple
television,RebeccaPurple
tennis,Red
The_Donald,RosyBrown
theocho,RoyalBlue
tifu,SaddleBrown
todayilearned,Salmon
travel,SandyBrown
ucla,SeaGreen
UCSantaBarbara,SeaShell
UCSD,Sienna
UIUC,Silver
uofm,SkyBlue
uofmn,SlateBlue
UpliftingNews,SlateGray
UVA,SlateGrey
videos,Snow
VirginiaTech,SpringGreen
volleyball,SteelBlue
WatchItForThePlot,Tan
wikipedia,Teal
woahdude,Thistle
worldnews,Tomato
wow,Turquoise
WTF,Violet
